{
  "x_thresholds": [
    0.05,
    0.06836734693877551,
    0.08673469387755102,
    0.10510204081632653,
    0.12346938775510204,
    0.14183673469387753,
    0.16020408163265304,
    0.17857142857142855,
    0.19693877551020406,
    0.21530612244897956,
    0.23367346938775507,
    0.2520408163265306,
    0.2704081632653061,
    0.2887755102040816,
    0.3071428571428571,
    0.3255102040816326,
    0.3438775510204081,
    0.36224489795918363,
    0.38061224489795914,
    0.39897959183673465,
    0.41734693877551016,
    0.43571428571428567,
    0.4540816326530612,
    0.4724489795918367,
    0.4908163265306122,
    0.5091836734693878,
    0.5275510204081633,
    0.5459183673469388,
    0.5642857142857143,
    0.5826530612244898,
    0.6010204081632653,
    0.6193877551020408,
    0.6377551020408163,
    0.6561224489795918,
    0.6744897959183673,
    0.6928571428571428,
    0.7112244897959183,
    0.7295918367346939,
    0.7479591836734694,
    0.7663265306122449,
    0.7846938775510204,
    0.8030612244897959,
    0.8214285714285714,
    0.8397959183673469,
    0.8581632653061224,
    0.8765306122448979,
    0.8948979591836734,
    0.9132653061224489,
    0.9316326530612244,
    0.95
  ],
  "y_thresholds": [
    0.0898876404494382,
    0.0898876404494382,
    0.12189054726368159,
    0.12189054726368159,
    0.12311015118790497,
    0.12311015118790497,
    0.14925373134328357,
    0.14925373134328357,
    0.17634408602150536,
    0.17634408602150536,
    0.24396782841823056,
    0.2603550295857988,
    0.2603550295857988,
    0.3050847457627119,
    0.317907444668008,
    0.317907444668008,
    0.3283582089552239,
    0.39451114922813035,
    0.39451114922813035,
    0.4087136929460581,
    0.4087136929460581,
    0.4290657439446367,
    0.4362017804154303,
    0.48639455782312924,
    0.48639455782312924,
    0.48639455782312924,
    0.48639455782312924,
    0.5418326693227089,
    0.562645011600928,
    0.562645011600928,
    0.5794392523364486,
    0.6180555555555556,
    0.625,
    0.6521739130434783,
    0.6542239685658153,
    0.7048832271762208,
    0.7048832271762208,
    0.7419825072886297,
    0.7419825072886297,
    0.8045112781954887,
    0.8045112781954887,
    0.8341463414634146,
    0.8624161073825504,
    0.8624161073825504,
    0.8624161073825504,
    0.9159763313609467,
    0.9159763313609467,
    0.9159763313609467,
    0.9402390438247012,
    0.9439746300211417
  ]
}