{
  "mean": [
    5.221818818811091,
    0.516185784658691,
    1.4034248182031435,
    0.9072484166080226,
    0.015593478770818674,
    0.0,
    0.017034130893736805,
    0.0,
    0.0,
    0.0,
    0.0,
    0.0,
    0.0,
    0.0,
    0.0,
    0.0,
    0.0,
    0.0,
    4.805258620689655,
    0.0,
    0.0,
    0.0,
    0.0,
    0.0054655758855266245,
    0.0,
    3.5,
    0.0,
    0.0,
    0.0,
    0.0,
    0.0,
    0.0,
    0.0,
    0.0,
    0.0,
    0.0,
    0.0,
    0.5170341308937368
  ],
  "scale": [
    241.85684892311048,
    9.106013461389663,
    7.799306389306057,
    7.876933145193693,
    0.8587329153556709,
    1.0,
    0.30049844422585886,
    1.0,
    1.0,
    1.0,
    1.0,
    1.0,
    1.0,
    1.0,
    1.0,
    1.0,
    1.0,
    1.0,
    56.335465431935184,
    1.0,
    1.0,
    1.0,
    1.0,
    0.0742159063155413,
    1.0,
    1.0,
    1.0,
    1.0,
    1.0,
    1.0,
    1.0,
    1.0,
    1.0,
    1.0,
    1.0,
    1.0,
    1.0,
    0.30049844422585886
  ],
  "feature_names": [
    "elo_diff",
    "sp_plus_diff",
    "sp_plus_off_diff",
    "sp_plus_def_diff",
    "sp_plus_st_diff",
    "fpi_diff",
    "pythagorean_diff",
    "qb_epa_diff",
    "pass_epa_diff",
    "rush_epa_diff",
    "off_epa_diff",
    "def_epa_diff",
    "success_rate_diff",
    "explosiveness_diff",
    "havoc_rate_diff",
    "finishing_drives_diff",
    "turnover_margin_diff",
    "line_yards_diff",
    "recruiting_composite_diff",
    "transfer_portal_impact_diff",
    "returning_production_diff",
    "team_recent_epa_diff",
    "rest_days_diff",
    "sos_diff",
    "is_neutral_site",
    "home_field_adj",
    "wind_adj",
    "precip_adj",
    "temp_adj",
    "is_rivalry",
    "is_conference_game",
    "is_bowl",
    "pace_diff",
    "coach_experience_diff",
    "injury_qb_flag_home",
    "injury_qb_flag_away",
    "vegas_home_prob",
    "mc_win_pct"
  ]
}